{
  "version": "7",
  "dialect": "mysql",
  "entries": [
    {
      "idx": 0,
      "version": "5",
      "when": 1763372440610,
      "tag": "0000_elite_eternals",
      "breakpoints": true
    },
    {
      "idx": 1,
      "version": "5",
      "when": 1765831090257,
      "tag": "0001_parallel_maelstrom",
      "breakpoints": true
    },
    {
      "idx": 2,
      "version": "5",
      "when": 1765831932250,
      "tag": "0002_chilly_bloodstrike",
      "breakpoints": true
    },
    {
      "idx": 3,
      "version": "5",
      "when": 1765834049280,
      "tag": "0003_blushing_daredevil",
      "breakpoints": true
    }
  ]
}